sample_id,description,try,Age,BusinessTravel,DailyRate,Department,DistanceFromHome,Education,EducationField,EnvironmentSatisfaction,Gender,HourlyRate,JobInvolvement,JobLevel,JobRole,JobSatisfaction,MaritalStatus,MonthlyIncome,MonthlyRate,NumCompaniesWorked,OverTime,PercentSalaryHike,PerformanceRating,RelationshipSatisfaction,StockOptionLevel,TotalWorkingYears,TrainingTimesLastYear,WorkLifeBalance,YearsAtCompany,YearsInCurrentRole,YearsSinceLastPromotion,YearsWithCurrManager
SIM-01,พนักงานขายจบใหม่ ทำ OT หนัก รายได้ต่ำ บ้านไกล,ลองปิด OT หรือขึ้นเงินเดือน,23,Travel_Rarely,802,Sales,22,3,Marketing,3,Male,66,3,1,Sales Representative,2,Single,2200,14235,1,Yes,14,3,3,0,1,3,2,1,0,0,0
SIM-02,นักวิจัยอาวุโส พอใจงาน มีสิทธิ์ซื้อหุ้น,ลองเพิ่ม OT ดูว่าความเสี่ยงขึ้นแค่ไหน,45,Travel_Rarely,802,Research & Development,7,5,Life Sciences,4,Male,66,3,4,Research Director,4,Married,15500,14235,2,No,14,3,3,2,20,3,3,12,7,2,7
SIM-03,ไม่ได้เลื่อนตำแหน่งมา 7 ปี ความพึงพอใจต่ำ,"ลองเลื่อนตำแหน่ง (ระดับ +1, ปีที่ไม่ได้เลื่อน = 0)",38,Travel_Rarely,802,Research & Development,7,3,Life Sciences,1,Male,66,2,1,Laboratory Technician,1,Married,3200,14235,2,No,14,3,3,1,12,3,3,9,7,7,7
SIM-04,อายุน้อย โสด ต้องเดินทางไปทำงานบ่อย,ลองลดการเดินทาง,27,Travel_Frequently,802,Sales,7,3,Life Sciences,3,Male,66,3,2,Sales Executive,3,Single,5200,14235,3,No,14,3,3,0,5,3,3,2,2,1,2
SIM-05,ผู้จัดการรายได้สูง แต่ทำ OT และสมดุลงาน-ชีวิตแย่,ลองปิด OT หรือปรับสมดุลงาน-ชีวิต,42,Travel_Rarely,802,Sales,7,3,Life Sciences,3,Male,66,3,4,Manager,3,Married,16000,14235,3,Yes,14,3,3,1,18,3,1,8,5,3,4
SIM-06,เปลี่ยนงานบ่อย (8 บริษัท) เพิ่งเข้าบริษัทนี้ปีเดียว,ลองเพิ่มสิทธิ์ซื้อหุ้น/สวัสดิการระยะยาว,34,Travel_Rarely,802,Research & Development,7,3,Life Sciences,3,Male,66,3,1,Research Scientist,3,Single,3000,14235,8,No,14,3,3,0,10,3,3,1,0,0,0
SIM-07,เจ้าหน้าที่แล็บ เพิ่งเปลี่ยนหัวหน้า ไม่มีสิทธิ์ซื้อหุ้น,ลองเพิ่มสิทธิ์ซื้อหุ้นและความพึงพอใจกับเพื่อนร่วมงาน,30,Travel_Rarely,802,Research & Development,7,3,Life Sciences,3,Male,66,3,1,Laboratory Technician,3,Married,2700,14235,1,No,14,3,1,0,6,3,3,5,3,1,0
SIM-08,เจ้าหน้าที่ HR ระดับกลาง ทุกอย่างปานกลาง,ลองขึ้นเงินเดือนหรือเพิ่มการอบรม,35,Travel_Rarely,802,Human Resources,7,3,Human Resources,3,Male,66,3,2,Human Resources,3,Married,4500,14235,2,No,14,3,3,1,9,3,3,5,3,2,3
SIM-09,พนักงานผลิตมั่นคง แต่งงาน อยู่มา 10 ปี,ลองให้ทำ OT หรือไม่ได้เลื่อนตำแหน่งนาน,40,Travel_Rarely,802,Research & Development,7,3,Life Sciences,3,Male,66,3,3,Manufacturing Director,3,Married,9000,14235,1,No,14,3,3,1,15,3,3,10,6,1,6
SIM-10,พนักงานขายหน้าร้าน โสด OT แต่ความพึงพอใจสูง,ลองปิด OT ดูว่าความพึงพอใจสูงช่วยได้แค่ไหน,25,Travel_Rarely,802,Sales,7,3,Life Sciences,4,Male,66,3,1,Sales Representative,4,Single,2600,14235,1,Yes,14,3,4,0,3,3,3,3,2,1,2
